Task,Status,Assignee,Assignment,Points,Due (Cairo time),Notes
Task 1 – Data-quality audit and issue log,Done,,Week 1,15,"Sat, Oct 10 2026, 2:59 PM",
Task 2 – Consistency / validity / timeliness fixes,Done,,Week 1,15,"Sat, Oct 10 2026, 2:59 PM",
Task 3 – Imputation study,Done,,Week 1,15,"Sat, Oct 10 2026, 2:59 PM",
Task 4 – Outliers and transformations,Done,,Week 1,10,"Sat, Oct 10 2026, 2:59 PM",
Task 5 – Leak-free pipeline + TimeSeriesSplit,Done,,Week 1,15,"Sat, Oct 10 2026, 2:59 PM",
Task 6 – Impact study on the test year,Done,,Week 1,20,"Sat, Oct 10 2026, 2:59 PM",
Final summary cell,Done,,Week 1,10,"Sat, Oct 10 2026, 2:59 PM",
Bonus – parallel per-station cleaning (HPC),Done,,Week 1,10,"Sat, Oct 10 2026, 2:59 PM",
Review the notebook and run Restart & Run All,To Do,,Week 1,,"Sat, Oct 10 2026, 2:59 PM",Check that the last cell prints "✓ ready to submit"
Upload the notebook through the Google Form (team leader),To Do,,Week 1,,"Sat, Oct 10 2026, 2:59 PM",Use Team ID 1065
